{"lebensmittel":{"Hokkaidokürbis":{"Vitamin B3":0.01528,"Vitamin B7":0.0,"Vitamin B1":0.0007000000000000001,"Jod":0.00001,"Kalium":2.92,"Eisen":0.00728,"Vitamin B5":0.0031,"Chlorid":0.3,"Phosphor":0.43,"Vitamin B12":0.0,"Magnesium":0.23,"Vitamin A":0.00117,"Vitamin B2":0.00047,"Kupfer":0.00106,"Vitamin B6":0.00117,"Vitamin E":0.00111,"Vitamin K":0.00006,"Vitamin C":0.07780000000000001,"Mangan":0.0022,"Zink":0.00106,"Calcium":0.29,"Vitamin B9":0.00008999999999999999},"Butterkäse":{"Vitamin B3":0.048,"Vitamin B7":0.00002777777777777778,"Vitamin B1":0.0003888888888888889,"Jod":0.0003611111111111111,"Kalium":0.8055555555555556,"Eisen":0.004,"Vitamin B5":0.008,"Chlorid":11.0,"Phosphor":4.0,"Vitamin B12":0.000019444444444444445,"Magnesium":0.3611111111111111,"Vitamin A":0.0027222222222222222,"Vitamin B2":0.0031944444444444446,"Kupfer":0.0011944444444444444,"Vitamin B6":0.0006111111111111111,"Vitamin E":0.0071111111111111115,"Vitamin K":0.00025,"Vitamin C":0.0,"Mangan":0.0005,"Zink":0.04,"Calcium":7.5,"Vitamin B9":0.00016666666666666666},"Kürbiskernepur":{"Vitamin B3":0.11023999999999999,"Vitamin B7":0.00012,"Vitamin B1":0.005520000000000001,"Jod":0.00004,"Kalium":5.96,"Eisen":0.05112,"Vitamin B5":0.005600000000000001,"Chlorid":0.84,"Phosphor":5.4,"Vitamin B12":0.0,"Magnesium":3.0,"Vitamin A":0.0002,"Vitamin B2":0.0004,"Kupfer":0.00872,"Vitamin B6":0.0008799999999999999,"Vitamin E":0.0418,"Vitamin K":0.0,"Vitamin C":0.00188,"Mangan":0.028919999999999998,"Zink":0.064,"Calcium":0.12,"Vitamin B9":0.00043999999999999996},"Walnuss":{"Vitamin B3":0.04625,"Vitamin B7":0.00035,"Vitamin B1":0.0034000000000000002,"Jod":0.00005,"Kalium":4.45,"Eisen":0.027800000000000002,"Vitamin B5":0.0,"Chlorid":0.2,"Phosphor":3.2,"Vitamin B12":0.0,"Magnesium":1.4,"Vitamin A":0.000019,"Vitamin B2":0.0013,"Kupfer":0.0134,"Vitamin B6":0.006,"Vitamin E":0.25,"Vitamin K":0.00005,"Vitamin C":0.0,"Mangan":0.0274,"Zink":0.0264,"Calcium":0.85,"Vitamin B9":0.00075},"geröstetegesalzeneKürbiskerne":{"Vitamin B3":0.1014,"Vitamin B7":0.00004,"Vitamin B1":0.0028000000000000004,"Jod":0.00004,"Kalium":5.72,"Eisen":0.04896,"Vitamin B5":0.0036,"Chlorid":0.8,"Phosphor":5.16,"Vitamin B12":0.0,"Magnesium":2.84,"Vitamin A":0.00016,"Vitamin B2":0.00028000000000000003,"Kupfer":0.00836,"Vitamin B6":0.0005600000000000001,"Vitamin E":0.036000000000000004,"Vitamin K":0.0,"Vitamin C":0.001,"Mangan":0.027719999999999998,"Zink":0.06156,"Calcium":0.12,"Vitamin B9":0.00024},"Paranuss":{"Vitamin B3":0.02675,"Vitamin B7":0.000065,"Vitamin B1":0.01,"Jod":0.0,"Kalium":6.5,"Eisen":0.034,"Vitamin B5":0.00225,"Chlorid":0.5,"Phosphor":6.75,"Vitamin B12":0.0,"Magnesium":1.5,"Vitamin A":0.0,"Vitamin B2":0.00025,"Kupfer":0.013,"Vitamin B6":0.001,"Vitamin E":0.075,"Vitamin K":0.0,"Vitamin C":0.007,"Mangan":0.006,"Zink":0.04,"Calcium":1.25,"Vitamin B9":0.0005},"Eisbergsalat":{"Vitamin B3":0.0038,"Vitamin B7":0.0,"Vitamin B1":0.00046,"Jod":0.00002,"Kalium":1.6,"Eisen":0.005,"Vitamin B5":0.00046,"Chlorid":0.42,"Phosphor":0.2,"Vitamin B12":0.0,"Magnesium":0.08,"Vitamin A":0.003,"Vitamin B2":0.0003,"Kupfer":0.00028000000000000003,"Vitamin B6":0.0003,"Vitamin E":0.005699999999999999,"Vitamin K":0.0011200000000000001,"Vitamin C":0.039,"Mangan":0.0015199999999999999,"Zink":0.0022,"Calcium":0.2,"Vitamin B9":0.00054},"Parboiledreisgegart":{"Vitamin B3":0.013611111111111112,"Vitamin B7":0.000011111111111111112,"Vitamin B1":0.0008333333333333333,"Jod":8.333333333333334e-6,"Kalium":0.5694444444444444,"Eisen":0.01101111111111111,"Vitamin B5":0.00205,"Chlorid":0.15,"Phosphor":0.4,"Vitamin B12":0.0,"Magnesium":0.1111111111111111,"Vitamin A":0.0,"Vitamin B2":0.00008333333333333333,"Kupfer":0.001288888888888889,"Vitamin B6":0.0008333333333333333,"Vitamin E":0.0011,"Vitamin K":0.0,"Vitamin C":0.0,"Mangan":0.014805555555555556,"Zink":0.006111111111111111,"Calcium":0.08888888888888889,"Vitamin B9":0.000030555555555555554},"Dinkelvollkornnudelnroh":{"Vitamin B3":0.044444444444444446,"Vitamin A":0.0,"Vitamin B2":0.0,"Vitamin B1":0.005,"Vitamin B6":0.0,"Vitamin E":0.0,"Vitamin B5":0.0,"Vitamin K":0.0,"Vitamin C":0.0,"Vitamin B7":0.0,"Vitamin B12":0.0,"Vitamin B9":0.0},"Hirse":{"Vitamin B3":0.01425,"Vitamin B7":0.000017500000000000002,"Vitamin B1":0.00082,"Jod":0.00001,"Kalium":0.52,"Eisen":0.02604,"Vitamin B5":0.002825,"Chlorid":0.06,"Phosphor":0.99,"Vitamin B12":0.0,"Magnesium":0.46,"Vitamin A":0.0,"Vitamin B2":0.00031,"Kupfer":0.0023,"Vitamin B6":0.0009750000000000001,"Vitamin E":0.000375,"Vitamin K":0.0,"Vitamin C":0.0,"Mangan":0.004175,"Zink":0.010275000000000001,"Calcium":0.04,"Vitamin B9":0.00005},"Pastinake":{"Vitamin B3":0.01,"Vitamin B7":0.0,"Vitamin B1":0.0006,"Jod":0.00004,"Kalium":3.89,"Eisen":0.00597,"Vitamin B5":0.0038,"Chlorid":0.48,"Phosphor":0.76,"Vitamin B12":0.0,"Magnesium":0.21,"Vitamin A":0.00001,"Vitamin B2":0.00107,"Kupfer":0.00134,"Vitamin B6":0.0008699999999999999,"Vitamin E":0.008539999999999999,"Vitamin K":0.00001,"Vitamin C":0.11939999999999999,"Mangan":0.00388,"Zink":0.00729,"Calcium":0.44,"Vitamin B9":0.00034},"Süßkartoffel":{"Vitamin B3":0.01,"Vitamin B7":0.00003,"Vitamin B1":0.00055,"Jod":0.00002,"Kalium":3.23,"Eisen":0.0064600000000000005,"Vitamin B5":0.006999999999999999,"Chlorid":0.46,"Phosphor":0.38,"Vitamin B12":0.0,"Magnesium":0.18,"Vitamin A":0.00623,"Vitamin B2":0.00047,"Kupfer":0.00125,"Vitamin B6":0.00229,"Vitamin E":0.0463,"Vitamin K":0.0,"Vitamin C":0.24,"Mangan":0.00244,"Zink":0.00222,"Calcium":0.22,"Vitamin B9":0.00008},"Honigmelone":{"Vitamin B3":0.0078000000000000005,"Vitamin B7":0.00004,"Vitamin B1":0.0006,"Jod":0.00002,"Kalium":3.09,"Eisen":0.002,"Vitamin B5":0.0017000000000000001,"Chlorid":0.44,"Phosphor":0.24,"Vitamin B12":0.0,"Magnesium":0.11,"Vitamin A":0.0039000000000000003,"Vitamin B2":0.0002,"Kupfer":0.00046,"Vitamin B6":0.0009,"Vitamin E":0.001,"Vitamin K":0.00001,"Vitamin C":0.33,"Mangan":0.00047,"Zink":0.00109,"Calcium":0.14,"Vitamin B9":0.0003},"Möhregegart":{"Vitamin B3":0.00666,"Vitamin B7":0.00004,"Vitamin B1":0.0009,"Jod":0.00003,"Kalium":2.87,"Eisen":0.0032500000000000003,"Vitamin B5":0.0022,"Chlorid":0.61,"Phosphor":0.36,"Vitamin B12":0.0,"Magnesium":0.1,"Vitamin A":0.00776,"Vitamin B2":0.00013,"Kupfer":0.00057,"Vitamin B6":0.0014399999999999999,"Vitamin E":0.00464,"Vitamin K":0.00016,"Vitamin C":0.023,"Mangan":0.0010199999999999999,"Zink":0.0023799999999999997,"Calcium":0.21,"Vitamin B9":0.00010999999999999999},"Skyr":{"Vitamin B3":0.023,"Vitamin B7":0.00007000000000000001,"Vitamin B1":0.0,"Jod":0.0001,"Kalium":1.31,"Eisen":0.001,"Vitamin B5":0.006,"Chlorid":0.8,"Phosphor":1.73,"Vitamin B12":0.00001,"Magnesium":0.11,"Vitamin A":0.0,"Vitamin B2":0.003,"Kupfer":0.0,"Vitamin B6":0.001,"Vitamin E":0.0,"Vitamin K":0.00002,"Vitamin C":0.0,"Mangan":0.0,"Zink":0.005,"Calcium":0.92,"Vitamin B9":0.0003},"Eigelb":{"Vitamin B3":0.0372,"Vitamin B7":0.0004,"Vitamin B1":0.002,"Jod":0.0001,"Kalium":0.9,"Eisen":0.05550000000000001,"Vitamin B5":0.0305,"Chlorid":0.7,"Phosphor":5.75,"Vitamin B12":0.00002,"Magnesium":0.15,"Vitamin A":0.009,"Vitamin B2":0.0029000000000000002,"Kupfer":0.0032500000000000003,"Vitamin B6":0.00245,"Vitamin E":0.05835,"Vitamin K":0.0014500000000000001,"Vitamin C":0.0,"Mangan":0.001,"Zink":0.03905,"Calcium":1.35,"Vitamin B9":0.001},"Hähnchenbrustfilet":{"Vitamin B3":0.1323,"Vitamin B7":0.00002,"Vitamin B1":0.00048,"Jod":0.00001,"Kalium":2.44,"Eisen":0.0123,"Vitamin B5":0.0076,"Chlorid":3.81,"Phosphor":2.04,"Vitamin B12":2.9999999999999997e-6,"Magnesium":0.27,"Vitamin A":0.00029,"Vitamin B2":0.0008,"Kupfer":0.00155,"Vitamin B6":0.0036,"Vitamin E":0.007890000000000001,"Vitamin K":0.0,"Vitamin C":0.0014000000000000002,"Mangan":0.00033,"Zink":0.01187,"Calcium":0.16,"Vitamin B9":0.00008999999999999999},"Olivenöl":{"Vitamin B3":0.0,"Vitamin B7":0.0,"Vitamin B1":0.0,"Jod":0.0,"Kalium":0.0,"Eisen":0.001,"Vitamin B5":0.0,"Chlorid":1.0,"Phosphor":0.01,"Vitamin B12":0.0,"Magnesium":0.0,"Vitamin A":0.0014,"Vitamin B2":0.0,"Kupfer":0.0008,"Vitamin B6":0.0,"Vitamin E":0.12,