{"lebensmittel":{"Butterkäse":{"Vitamin B3":0.04777777777777778,"Vitamin B7":0.00002777777777777778,"Vitamin B1":0.0002777777777777778,"Jod":0.0003611111111111111,"Kalium":0.8055555555555556,"Eisen":0.003888888888888889,"Vitamin B5":0.007777777777777778,"Chlorid":11.0,"Phosphor":4.0,"Vitamin B12":0.000019444444444444445,"Magnesium":0.3611111111111111,"Vitamin A":0.0025,"Vitamin B2":0.0030555555555555557,"Kupfer":0.0011111111111111111,"Vitamin B6":0.0005555555555555556,"Vitamin E":0.006944444444444444,"Vitamin K":0.0,"Vitamin C":0.0,"Mangan":0.0002777777777777778,"Zink":0.04,"Calcium":7.5,"Vitamin B9":0.0},"Walnuss":{"Vitamin B3":0.046,"Vitamin B7":0.00035,"Vitamin B1":0.003,"Jod":0.00005,"Kalium":4.45,"Eisen":0.027500000000000004,"Vitamin B5":0.0,"Chlorid":0.2,"Phosphor":3.2,"Vitamin B12":0.0,"Magnesium":1.4,"Vitamin A":0.0,"Vitamin B2":0.001,"Kupfer":0.013000000000000001,"Vitamin B6":0.006,"Vitamin E":0.25,"Vitamin K":0.00005,"Vitamin C":0.0,"Mangan":0.027000000000000003,"Zink":0.026000000000000002,"Calcium":0.85,"Vitamin B9":0.0005},"geröstetegesalzeneKürbiskerne":{"Vitamin B3":0.1012,"Vitamin B7":0.00004,"Vitamin B1":0.0028000000000000004,"Jod":0.00004,"Kalium":5.72,"Eisen":0.048799999999999996,"Vitamin B5":0.0036,"Chlorid":0.8,"Phosphor":5.16,"Vitamin B12":0.0,"Magnesium":2.84,"Vitamin A":0.0,"Vitamin B2":0.0,"Kupfer":0.008,"Vitamin B6":0.0004,"Vitamin E":0.036000000000000004,"Vitamin K":0.0,"Vitamin C":0.0008,"Mangan":0.0276,"Zink":0.061200000000000004,"Calcium":0.12,"Vitamin B9":0.0},"Paranuss":{"Vitamin B3":0.025,"Vitamin B7":0.0,"Vitamin B1":0.01,"Jod":0.0,"Kalium":6.5,"Eisen":0.0325,"Vitamin B5":0.0,"Chlorid":0.5,"Phosphor":6.75,"Vitamin B12":0.0,"Magnesium":1.5,"Vitamin A":0.0,"Vitamin B2":0.0,"Kupfer":0.0125,"Vitamin B6":0.0,"Vitamin E":0.075,"Vitamin K":0.0,"Vitamin C":0.005,"Mangan":0.005,"Zink":0.04,"Calcium":1.25,"Vitamin B9":0.0},"Möhregegartgegart":{"Magnesium":0.1},"Parboiledreisgegart":{"Vitamin B3":0.013611111111111112,"Vitamin B7":0.000011111111111111112,"Vitamin B1":0.0008333333333333333,"Jod":8.333333333333334e-6,"Kalium":0.5694444444444444,"Eisen":0.011,"Vitamin B5":0.0020277777777777777,"Chlorid":0.15,"Phosphor":0.4,"Vitamin B12":0.0,"Magnesium":0.1111111111111111,"Vitamin A":0.0,"Vitamin B2":0.00008333333333333333,"Kupfer":0.0012777777777777779,"Vitamin B6":0.0008333333333333333,"Vitamin E":0.0010833333333333333,"Vitamin K":0.0,"Vitamin C":0.0,"Mangan":0.014805555555555556,"Zink":0.006111111111111111,"Calcium":0.08888888888888889,"Vitamin B9":0.000030555555555555554},"Eigelbgegart":{"Vitamin B3":0.037,"Vitamin B7":0.0004,"Vitamin B1":0.002,"Jod":0.0001,"Kalium":0.9,"Eisen":0.05550000000000001,"Vitamin B5":0.0305,"Chlorid":0.7,"Phosphor":5.75,"Vitamin B12":0.00002,"Magnesium":0.15,"Vitamin A":0.009,"Vitamin B2":0.0025,"Kupfer":0.003,"Vitamin B6":0.002,"Vitamin E":0.057999999999999996,"Vitamin K":0.0014500000000000001,"Vitamin C":0.0,"Mangan":0.001,"Zink":0.039,"Calcium":1.35,"Vitamin B9":0.001},"Honigmelone":{"Vitamin B3":0.0078000000000000005,"Vitamin B7":0.00004,"Vitamin B1":0.0006,"Jod":0.00002,"Kalium":3.09,"Eisen":0.002,"Vitamin B5":0.0017000000000000001,"Chlorid":0.44,"Phosphor":0.24,"Vitamin B12":0.0,"Magnesium":0.11,"Vitamin A":0.0039000000000000003,"Vitamin B2":0.0002,"Kupfer":0.0004,"Vitamin B6":0.0009,"Vitamin E":0.001,"Vitamin K":0.0,"Vitamin C":0.33,"Mangan":0.0004,"Zink":0.001,"Calcium":0.14,"Vitamin B9":0.0003},"Hähnchenbrustfiletgebraten":{"Vitamin B3":0.1323,"Vitamin B7":0.00002,"Vitamin B1":0.0004,"Jod":0.00001,"Kalium":2.44,"Eisen":0.0123,"Vitamin B5":0.0076,"Chlorid":3.81,"Phosphor":2.04,"Vitamin B12":2.9999999999999997e-6,"Magnesium":0.27,"Vitamin A":0.0002,"Vitamin B2":0.0008,"Kupfer":0.0015,"Vitamin B6":0.0036,"Vitamin E":0.0078000000000000005,"Vitamin K":0.0,"Vitamin C":0.0014000000000000002,"Mangan":0.0003,"Zink":0.0118,"Calcium":0.16,"Vitamin B9":0.0},"Möhregegart":{"Vitamin B3":0.0066,"Vitamin B7":0.00004,"Vitamin B1":0.0009,"Jod":0.00003,"Kalium":2.87,"Eisen":0.0032,"Vitamin B5":0.0022,"Chlorid":0.61,"Phosphor":0.36,"Vitamin B12":0.0,"Vitamin A":0.0077,"Vitamin B2":0.0001,"Vitamin K":0.0001,"Kupfer":0.0005,"Vitamin B6":0.0014000000000000002,"Vitamin E":0.0046,"Vitamin C":0.023,"Mangan":0.001,"Zink":0.0023,"Calcium":0.21,"Vitamin B9":0.0001},"Skyr":{"Vitamin B3":0.023,"Vitamin B7":0.00007000000000000001,"Vitamin B1":0.0,"Jod":0.0001,"Kalium":1.31,"Eisen":0.001,"Vitamin B5":0.006,"Chlorid":0.8,"Phosphor":1.73,"Vitamin B12":0.00001,"Magnesium":0.11,"Vitamin A":0.0,"Vitamin B2":0.003,"Kupfer":0.0,"Vitamin B6":0.001,"Vitamin E":0.0,"Vitamin K":0.00002,"Vitamin C":0.0,"Mangan":0.0,"Zink":0.005,"Calcium":0.92,"Vitamin B9":0.0003},"Pastinakegegart":{"Vitamin B3":0.01,"Vitamin B7":0.0,"Vitamin B1":0.0006,"Jod":0.00004,"Kalium":3.89,"Eisen":0.0059,"Vitamin B5":0.0038,"Chlorid":0.48,"Phosphor":0.76,"Vitamin B12":0.0,"Magnesium":0.21,"Vitamin A":0.0,"Vitamin B2":0.001,"Kupfer":0.0013,"Vitamin B6":0.0008,"Vitamin E":0.0085,"Vitamin K":0.0,"Vitamin C":0.11939999999999999,"Mangan":0.0038,"Zink":0.0072,"Calcium":0.44,"Vitamin B9":0.0003},"Quinoagegart":{"Vitamin B3":0.010717948717948718,"Vitamin B7":2.564102564102564e-6,"Vitamin B1":0.0013846153846153847,"Jod":0.000058974358974358975,"Kalium":1.7153846153846153,"Eisen":0.011282051282051283,"Vitamin B5":0.003538461538461538,"Chlorid":0.33589743589743587,"Phosphor":1.8717948717948718,"Vitamin B12":0.0,"Magnesium":0.6948717948717948,"Vitamin A":0.0,"Vitamin B2":0.0001794871794871795,"Kupfer":0.0016666666666666668,"Vitamin B6":0.00046153846153846153,"Vitamin E":0.0004358974358974359,"Vitamin K":0.0,"Vitamin C":0.013307692307692309,"Mangan":0.004564102564102565,"Zink":0.01176923076923077,"Calcium":0.24102564102564103,"Vitamin B9":0.00015384615384615385},"Zucchinigegart":{"Vitamin B3":0.0062307692307692316,"Vitamin B7":0.00002307692307692308,"Vitamin B1":0.0005384615384615385,"Jod":0.00002307692307692308,"Kalium":1.6692307692307693,"Eisen":0.014153846153846154,"Vitamin B5":0.0006153846153846154,"Chlorid":0.46153846153846156,"Phosphor":0.23076923076923078,"Vitamin B12":0.0,"Magnesium":0.2230769230769231,"Vitamin A":0.00023076923076923076,"Vitamin B2":0.0006923076923076923,"Kupfer":0.0007692307692307692,"Vitamin B6":0.0006923076923076923,"Vitamin E":0.005538461538461538,"Vitamin K":0.00006153846153846154,"Vitamin C":0.08884615384615385,"Mangan":0.0013846153846153845,"Zink":0.002076923076923077,"Calcium":0.3230769230769231,"Vitamin B9":0.00023076923076923076},"Olivenöl":{"Vitamin B3":0.0,"Vitamin B7":0.0,"Vitamin B1":0.0,"Jod":0.0,"Kalium":0.0,"Eisen":0.001,"Vitamin B5":0.0,"Chlorid":1.0,"Phosphor":0.01,"Vitamin B12":0.0,"Magnesium":0.0,"Vitamin A":0.0,"Vitamin B2":0.0,"Kupfer":0.0008,"Vitamin B6":0.0,"Vitamin E":0.12,"Vitamin K":0.0006000000000000001,"Vitamin C":0.0,"Mangan":0.0,"Zink":0.0,"Calcium":0.01,"Vitamin B9":0.0},"Blumenkohlgegart":{"Vitamin B3":0.011200000000000002,"Vitamin B7":0.00002,"Vitamin B1":0.0007000000000000001,"Jod":0.00001,"Kalium":2.32,"Eisen":0.0045000000000000005,"Vitamin B5":0.0086,"Chlorid":0.2,"Phosphor":0.49,"Vitamin B12":0.0,"Magnesium":0.13,"Vitamin A":0.0,"Vitamin B2":0.0008,"Kupfer":0.0004,"Vitamin B6":0.0016,"Vitamin E":0.0007000000000000001,"Vitamin K":0.0003,"Vitamin C":0.49,"Mangan":0.0019,"Zink":0.0026,"Calcium":0.22,"Vitamin B9":0.0003},"Hirsegegart":{"Vitamin B3":0.01425,"Vitamin B7":0.000017500000000000002,"Vitamin B1":0.0008,"Jod":0.00001,"Kalium":0.52,"Eisen":0.026025,"Vitamin B5":0.002825,"Chlorid":0.06,"Phosphor":0.99,"Vitamin B12":0.0,"Magnesium":0.46,"Vitamin A":0.0,"Vitamin B2":0.0003,"Kupfer":0.0023,"Vitamin B6":0.0009750000000000001,"Vitamin E":0.000375,"Vitamin K":0.0,"Vitamin C":0.0,"Mangan":0.004175,"Zink":0.010275000000000001,"Calcium":0.04,"Vitamin B9":0.00005},"Gurkegegart":{"Vitamin B3":0.0022307692307692306,"Vitamin B7":7.692307692307692e-6,"Vitamin B1":0.00015384615384615385,"Jod":0.00002307692307692308,"Kalium":1.176923076923077,"Eisen":0.004692307692307692,"Vitamin B5":0.0018461538461538461,